0,0,0.0,0.0,0,,0,0,0,0,0,0.0,0.0,0.0,0.0,0.0,0.0
0,0,0.0,0.0,0,,0.0,0.0,0.0,0.0,0.0,0.0,0.0,0.0,0.0,0.0,0.0
0,0,0.0,0.0,0,,0.0,0.0,0.0,0.0,0.0,0.0,0.0,0.0,0.0,0.0,0.0
0,0,0.0,0.0,0,,0.0,0.0,0.0,0.0,0.0,0.0,0.0,0.0,0.0,0.0,0.0
0,0,0.0,0.0,0,,0.0,0.0,0.0,0.0,0.0,0.0,0.0,0.0,0.0,0.0,0.0
0,0,0.0,0.0,0,,0.0,0.0,0.0,0.0,0.0,0.0,0.0,0.0,0.0,0.0,0.0
0,0,0.0,0.0,0,,0.0,0.0,0.0,0.0,0.0,0.0,0.0,0.0,0.0,0.0,0.0
0,0,0.0,0.0,0,,0.0,0.0,0.0,0.0,0.0,0.0,0.0,0.0,0.0,0.0,0.0
0,0,0.0,0.0,0,,0.0,0.0,0.0,0.0,0.0,0.0,0.0,0.0,0.0,0.0,0.0
0,0,0.0,0.0,0,,0.0,0.0,0.0,0.0,0.0,0.0,0.0,0.0,0.0,0.0,0.0
0,0,0.0,0.0,0,,0.0,0.0,0.0,0.0,0.0,0.0,0.0,0.0,0.0,0.0,0.0
0,0,0.0,0.0,0,,0.0,0.0,0.0,0.0,0.0,0.0,0.0,0.0,0.0,0.0,0.0
0,0,0.0,0.0,0,,0.0,0.0,0.0,0.0,0.0,0.0,0.0,0.0,0.0,0.0,0.0
0,0,0.0,0.0,0,,0.0,0.0,0.0,0.0,0.0,0.0,0.0,0.0,0.0,0.0,0.0
0,0,0.0,0.0,0,,0.0,0.0,0.0,0.0,0.0,0.0,0.0,0.0,0.0,0.0,0.0
0,0,0.0,0.0,0,,0.0,0.0,0.0,0.0,0.0,0.0,0.0,0.0,0.0,0.0,0.0
0,0,0.0,0.0,0,,0.0,0.0,0.0,0.0,0.0,0.0,0.0,0.0,0.0,0.0,0.0
0,0,0.0,0.0,0,,0.0,0.0,0.0,0.0,0.0,0.0,0.0,0.0,0.0,0.0,0.0
0,0,0.0,0.0,0,,0.0,0.0,0.0,0.0,0.0,0.0,0.0,0.0,0.0,0.0,0.0
0,0,0.0,0.0,0,,0.0,0.0,0.0,0.0,0.0,0.0,0.0,0.0,0.0,0.0,0.0
0,0,0.0,0.0,0,,0.0,0.0,0.0,0.0,0.0,0.0,0.0,0.0,0.0,0.0,0.0
0,0,0.0,0.0,0,,0.0,0.0,0.0,0.0,0.0,0.0,0.0,0.0,0.0,0.0,0.0
0,0,0.0,0.0,0,,0.0,0.0,0.0,0.0,0.0,0.0,0.0,0.0,0.0,0.0,0.0
0,0,0.0,0.0,0,,0.0,0.0,0.0,0.0,0.0,0.0,0.0,0.0,0.0,0.0,0.0
0,0,0.0,0.0,0,,0.0,0.0,0.0,0.0,0.0,0.0,0.0,0.0,0.0,0.0,0.0
0,0,0.0,0.0,0,,0.0,0.0,0.0,0.0,0.0,0.0,0.0,0.0,0.0,0.0,5.844536222686726
0,0,0.0,0.0,0,,0.0,0.0,0.0,0.0,5.84453622269,0.0,0.0,0.0,0.0,5.84453622269,0.0
0,0,0.0,0.0,0,,0.0,0.0,0.0,0.0,0.0,0.0,0.0,0.0,0.0,0.0,0.0
0,0,0.0,0.0,0,,0.0,0.0,0.0,0.0,0.0,0.0,0.0,0.0,0.0,0.0,0.0
0,0,0.0,0.0,0,,0.0,0.0,0.0,0.0,0.0,0.0,0.0,0.0,0.0,0.0,0.0
0,0,0.0,0.0,0,,0.0,0.0,0.0,0.0,0.0,0.0,0.0,0.0,0.0,0.0,0.0
0,0,0.0,0.0,0,,0.0,0.0,0.0,0.0,0.0,0.0,0.0,0.0,0.0,0.0,0.0
0,0,0.0,0.0,0,,0.0,0.0,0.0,0.0,0.0,0.0,0.0,0.0,0.0,0.0,0.0
0,0,0.0,0.0,0,,0.0,0.0,0.0,0.0,0.0,0.0,0.0,0.0,0.0,0.0,0.0
0,0,0.0,0.0,0,,0.0,0.0,0.0,0.0,0.0,0.0,0.0,0.0,0.0,0.0,0.0
0,0,0.0,0.0,0,,0.0,0.0,0.0,0.0,0.0,0.0,0.0,0.0,0.0,0.0,0.0
0,0,0.0,0.0,0,,0.0,0.0,0.0,0.0,0.0,0.0,0.0,0.0,0.0,0.0,0.0
0,0,0.0,0.0,0,,0.0,0.0,0.0,0.0,0.0,0.0,0.0,0.0,0.0,0.0,0.0
0,0,0.0,0.0,0,,0.0,0.0,0.0,0.0,0.0,0.0,0.0,0.0,0.0,0.0,0.0
0,0,0.0,0.0,0,,0.0,0.0,0.0,0.0,0.0,0.0,0.0,0.0,0.0,0.0,0.0
0,0,0.0,0.0,0,,0.0,0.0,0.0,0.0,0.0,0.0,0.0,0.0,0.0,0.0,0.0
0,0,0.0,0.0,0,,0.0,0.0,0.0,0.0,0.0,0.0,0.0,0.0,0.0,0.0,5.844536222686726
0,0,0.0,0.0,0,,0.0,0.0,0.0,0.0,5.84453622269,0.0,0.0,0.0,0.0,5.84453622269,0.0
0,0,0.0,0.0,0,,0.0,0.0,0.0,0.0,0.0,0.0,0.0,0.0,0.0,0.0,0.0
0,0,0.0,0.0,0,,0.0,0.0,0.0,0.0,0.0,0.0,0.0,0.0,0.0,0.0,0.0
0,0,0.0,0.0,0,,0.0,0.0,0.0,0.0,0.0,0.0,0.0,0.0,0.0,0.0,0.0
0,0,0.0,0.0,0,,0.0,0.0,0.0,0.0,0.0,0.0,0.0,0.0,0.0,0.0,5.844536222686726
0,0,0.0,0.0,0,,0.0,0.0,0.0,0.0,5.84453622269,0.0,0.0,0.0,0.0,5.84453622269,0.0
0,0,0.0,0.0,0,,0.0,0.0,0.0,0.0,0.0,0.0,0.0,0.0,0.0,0.0,0.0
0,0,0.0,0.0,0,,0.0,0.0,0.0,0.0,0.0,0.0,0.0,0.0,0.0,0.0,0.0
0,0,0.0,0.0,0,,0.0,0.0,0.0,0.0,0.0,0.0,0.0,0.0,0.0,0.0,0.0
0,0,0.0,0.0,0,,0.0,0.0,0.0,0.0,0.0,0.0,0.0,0.0,0.0,0.0,0.0
0,0,0.0,0.0,0,,0.0,0.0,0.0,0.0,0.0,0.0,0.0,0.0,0.0,0.0,0.0
0,0,0.0,0.0,0,,0.0,0.0,0.0,0.0,0.0,0.0,0.0,0.0,0.0,0.0,0.0
0,0,0.0,0.0,0,,0.0,0.0,0.0,0.0,0.0,0.0,0.0,0.0,0.0,0.0,0.0
0,0,0.0,0.0,0,,0.0,0.0,0.0,0.0,0.0,0.0,0.0,0.0,0.0,0.0,0.0
0,0,0.0,0.0,0,,0.0,0.0,0.0,0.0,0.0,0.0,0.0,0.0,0.0,0.0,0.0
0,0,0.0,0.0,0,,0.0,0.0,0.0,0.0,0.0,0.0,0.0,0.0,0.0,0.0,0.0
0,0,0.0,0.0,0,,0.0,0.0,0.0,0.0,0.0,0.0,0.0,0.0,0.0,0.0,0.0
0,0,0.0,0.0,0,,0.0,0.0,0.0,0.0,0.0,0.0,0.0,0.0,0.0,0.0,0.0
0,0,0.0,0.0,0,,0.0,0.0,0.0,0.0,0.0,0.0,0.0,0.0,0.0,0.0,0.0
0,0,0.0,0.0,0,,0.0,0.0,0.0,0.0,0.0,0.0,0.0,0.0,0.0,0.0,0.0
0,0,0.0,0.0,0,,0.0,0.0,0.0,0.0,0.0,0.0,0.0,0.0,0.0,0.0,0.0
0,0,0.0,0.0,0,,0.0,0.0,0.0,0.0,0.0,0.0,0.0,0.0,0.0,0.0,0.0
0,0,0.0,0.0,0,,0.0,0.0,0.0,0.0,0.0,0.0,0.0,0.0,0.0,0.0,0.0
0,0,0.0,0.0,0,,0.0,0.0,0.0,0.0,0.0,0.0,0.0,0.0,0.0,0.0,0.0
0,0,0.0,0.0,0,,0.0,0.0,0.0,0.0,0.0,0.0,0.0,0.0,0.0,0.0,0.0
0,0,0.0,0.0,0,,0.0,0.0,0.0,0.0,0.0,0.0,0.0,0.0,0.0,0.0,0.0
0,0,0.0,0.0,0,,0.0,0.0,0.0,0.0,0.0,0.0,0.0,0.0,0.0,0.0,0.0
0,0,0.0,0.0,0,,0.0,0.0,0.0,0.0,0.0,0.0,0.0,0.0,0.0,0.0,0.0
0,0,0.0,0.0,0,,0.0,0.0,0.0,0.0,0.0,0.0,0.0,0.0,0.0,0.0,0.0
0,0,0.0,0.0,0,,0.0,0.0,0.0,0.0,0.0,0.0,0.0,0.0,0.0,0.0,0.0
0,0,0.0,0.0,0,,0.0,0.0,0.0,0.0,0.0,0.0,0.0,0.0,0.0,0.0,0.0
0,0,0.0,0.0,0,,0.0,0.0,0.0,0.0,0.0,0.0,0.0,0.0,0.0,0.0,5.844536222686726
0,0,0.0,0.0,0,,0.0,0.0,0.0,0.0,5.84453622269,0.0,0.0,0.0,0.0,5.84453622269,0.0
0,0,0.0,0.0,0,,0.0,0.0,0.0,0.0,0.0,0.0,0.0,0.0,0.0,0.0,0.0
0,0,0.0,0.0,0,,0.0,0.0,0.0,0.0,0.0,0.0,0.0,0.0,0.0,0.0,0.0
0,0,0.0,0.0,0,,0.0,0.0,0.0,0.0,0.0,0.0,0.0,0.0,0.0,0.0,0.0
0,0,0.0,0.0,0,,0.0,0.0,0.0,0.0,0.0,0.0,0.0,0.0,0.0,0.0,0.0
0,0,0.0,0.0,0,,0.0,0.0,0.0,0.0,0.0,0.0,0.0,0.0,0.0,0.0,0.0
0,0,0.0,0.0,0,,0.0,0.0,0.0,0.0,0.0,0.0,0.0,0.0,0.0,0.0,0.0
0,0,0.0,0.0,0,,0.0,0.0,0.0,0.0,0.0,0.0,0.0,0.0,0.0,0.0,0.0
0,0,0.0,0.0,0,,0.0,0.0,0.0,0.0,0.0,0.0,0.0,0.0,0.0,0.0,0.0
0,0,0.0,0.0,0,,0.0,0.0,0.0,0.0,0.0,0.0,0.0,0.0,0.0,0.0,0.0
1,2,0.78,1.56,0.004785276073619632,163.0,0.0,0.0,0.0,0.0,0.0,3.67552495459,183.776247729,0.0276283170055,1.38141585027,0.0150333881583,0.0
3,2,2.34,1.56,-0.004785276073619631,-489.00000000000006,3.67552495459,183.776247729,0.0276283170055,1.38141585027,0.0,9.8013998789,306.293746215,-0.0184188780037,-2.30235975046,6.26815191902,5.844536222686726
2,2,1.56,1.56,0,,9.8013998789,306.293746215,-0.0184188780037,-2.30235975046,5.84453622269,11.2137088222,70.6154471646,-0.68097713861,-33.1279130303,5.84453622269,0.0
2,3,1.56,2.34,0.004785276073619631,326.00000000000006,11.2137088222,70.6154471646,-0.68097713861,-33.1279130303,0.0,17.3395837465,306.293746215,-0.634929943601,2.30235975046,0.0150333881583,0.886225934667356
2,3,1.56,2.34,0.004785276073619631,326.00000000000006,17.3395837465,306.293746215,-0.634929943601,2.30235975046,0.886225934667,-161.529917966,-8943.47508562,640.889216044,32076.2072994,2.79919427393,0.882798988694755
4,4,3.12,3.12,0,,-161.529917966,-8943.47508562,640.889216044,32076.2072994,0.882798988695,-159.548744917,99.0586524376,643.299476062,120.513000864,0.882798988695,0.8759450967495532
2,3,1.56,2.34,0.004785276073619631,326.00000000000006,-159.548744917,99.0586524376,643.299476062,120.513000864,0.87594509675,-323.42844841,-8193.98517463,1283.43710255,32006.8813245,2.76689606905,0.8656642588317531
4,5,3.12,3.9000000000000004,0.004785276073619634,651.9999999999998,-323.42844841,-8193.98517463,1283.43710255,32006.8813245,0.865664258832,-591.650745259,-13411.1148425,2432.42743889,57449.5168171,2.73459786418,0.8588103668865512
5,4,3.9000000000000004,3.12,-0.004785276073619634,-814.9999999999998,-591.650745259,-13411.1148425,2432.42743889,57449.5168171,0.858810366887,-361.054252109,11529.8246575,1295.49180655,-56846.7816171,2.68299895128,0.8519564749413493
5,6,3.9000000000000004,4.68,0.004785276073619628,815.0000000000007,-361.054252109,11529.8246575,1295.49180655,-56846.7816171,0.851956474941,-645.739163656,-14234.2455774,2693.07562923,69879.1911339,2.69153359101,0.8485295289687511
6,6,4.68,4.68,0,,-645.739163656,-14234.2455774,2693.07562923,69879.1911339,0.848529528969,-642.64527571,154.694397317,2696.58707585,175.572331074,0.848529528969,0.40988044447589295
6,6,4.68,4.68,0,,-642.64527571,154.694397317,2696.58707585,175.572331074,0.409880444476,-638.35292726,214.617422497,2698.45205435,93.2489247164,0.409880444476,0.8451025829961529
6,6,4.68,4.68,0,,-638.35292726,214.617422497,2698.45205435,93.2489247164,0.845102582996,-635.247023967,155.295164671,2701.95287778,175.041171813,0.845102582996,0.8416756370235492
6,6,4.68,4.68,0,,-635.247023967,155.295164671,2701.95287778,175.041171813,0.841675637024,-632.129141802,155.894108247,2705.44303692,174.507956879,0.841675637024,0.40302655253069103
7,8,5.46,6.24,0.004785276073619634,1140.9999999999995,-632.129141802,155.894108247,2705.44303692,174.507956879,0.403026552531,59.9879326576,34605.853723,3480.86541271,38771.1187892,1.28117864479,0.8416756370235492
7,6,5.46,4.68,-0.004785276073619634,-1140.9999999999995,59.9879326576,34605.853723,3480.86541271,38771.1187892,0.841675637024,330.657463227,13533.4765284,1851.59521642,-81463.5098145,2.62916860982,0.838248691050951
6,8,4.68,6.24,0.009570552147239267,488.9999999999998,330.657463227,13533.4765284,1851.59521642,-81463.5098145,0.838248691051,168.984085745,-8083.66887406,2739.65903723,44403.1910405,2.663502706,0.8348217450783473
8,6,6.24,4.68,-0.009570552147239267,-651.9999999999998,168.984085745,-8083.66887406,2739.65903723,44403.1910405,0.834821745078,294.124010722,6256.99624882,1870.01049446,-43482.4271382,2.59260308508,0.8279678531331509
6,8,4.68,6.24,0.009570552147239267,488.9999999999998,294.124010722,6256.99624882,1870.01049446,-43482.4271382,0.827967853133,152.615802309,-7075.41042061,2753.67443486,44183.1970202,2.63120450113,0.8245409071605472
8,8,6.24,6.24,0,,152.615802309,-7075.41042061,2753.67443486,44183.1970202,0.824540907161,156.852101617,211.814965356,2758.25606865,229.081689472,0.824540907161,0.8245409071605472
8,8,6.24,6.24,0,,156.852101617,211.814965356,2758.25606865,229.081689472,0.824540907161,161.088400924,211.814965356,2762.83770244,229.081689472,0.824540907161,0.8176870152153453
6,8,4.68,6.24,0.009570552147239267,488.9999999999998,161.088400924,211.814965356,2762.83770244,229.081689472,0.817687015215,39.4990695657,-6079.4665679,3641.54173871,43935.2018133,2.59890629625,0.8108331232701433
8,8,6.24,6.24,0,,39.4990695657,-6079.4665679,3641.54173871,43935.2018133,0.81083312327,43.7977729507,214.935169249,3646.0648736,226.156744361,0.81083312327,0.8108331232701433
7,7,5.46,5.46,0,,43.7977729507,214.935169249,3646.0648736,226.156744361,0.81083312327,47.5591384125,188.068273093,3650.02261662,197.887151316,0.81083312327,0.8039792313249471
7,7,5.46,5.46,0,,47.5591384125,188.068273093,3650.02261662,197.887151316,0.803979231325,51.3475412588,189.420142312,3653.9544869,196.593513847,0.803979231325,0.7971253393797452
8,8,6.24,6.24,0,,51.3475412588,189.420142312,3653.9544869,196.593513847,0.79712533938,55.7078409935,218.014986738,3658.41827299,223.189304308,0.79712533938,0.7936983934071414
8,8,6.24,6.24,0,,55.7078409935,218.014986738,3658.41827299,223.189304308,0.793698393407,60.0834122485,218.778562751,3662.86709038,222.440869628,0.793698393407,0.7936983934071414
6,8,4.68,6.24,0.009570552147239267,488.9999999999998,60.0834122485,218.778562751,3662.86709038,222.440869628,0.793698393407,-16.0814529869,-3808.24326177,4527.87285049,43250.2880056,2.52354381821,0.7868445014619451
8,8,6.24,6.24,0,,-16.0814529869,-3808.24326177,4527.87285049,43250.2880056,0.786844501462,-11.6754930296,220.297997866,4532.29157393,220.936172086,0.786844501462,0.7799906095167431
8,4,6.24,3.12,-0.019141104294478527,-326.0,-11.6754930296,220.297997866,4532.29157393,220.936172086,0.779990609517,-6.62081153177,252.734074892,4179.79272338,-17624.9425279,2.39027921609,0.7765636635441394
8,8,6.24,6.24,0,,-6.62081153177,252.734074892,4179.79272338,-17624.9425279,0.776563663544,-2.16965703849,222.557724664,4184.16591714,218.659688083,0.776563663544,0.7765636635441394
6,8,4.68,6.24,0.009570552147239267,488.9999999999998,-2.16965703849,222.557724664,4184.16591714,218.659688083,0.776563663544,-46.8823117732,-2235.63273674,5037.62215384,42672.8118349,2.46971347675,0.7731367175715412
8,5,6.24,3.9000000000000004,-0.014355828220858895,-434.6666666666667,-46.8823117732,-2235.63273674,5037.62215384,42672.8118349,0.773136717572,-42.9799253016,195.119323583,4528.33284042,-25464.4656706,2.38378046767,0.7662828256263393
7,8,5.46,6.24,0.004785276073619634,1140.9999999999995,-42.9799253016,195.119323583,4528.33284042,-25464.4656706,0.766282825626,-85.3648772123,-2119.24759554,6328.85438711,90026.0773344,2.42238188372,0.7560019877085392
7,8,5.46,6.24,0.004785276073619634,1140.9999999999995,-85.3648772123,-2119.24759554,6328.85438711,90026.0773344,0.756001987709,-89.3697384093,-200.243059848,8111.55766177,89135.1637328,2.39008367884,0.7491480957633373
8,8,6.24,6.24,0,,-89.3697384093,-200.243059848,8111.55766177,89135.1637328,0.749148095763,-84.8003780132,228.468019804,8115.80719652,212.476737378,0.749148095763,0.7422942038181354
6,8,4.68,6.24,0.009570552147239267,488.9999999999998,-84.8003780132,228.468019804,8115.80719652,212.476737378,0.742294203818,-69.4129137329,769.373214015,8941.98061251,41308.6707995,2.36205279383,0.7388672578455373
8,8,6.24,6.24,0,,-69.4129137329,769.373214015,8941.98061251,41308.6707995,0.738867257846,-64.8001068071,230.640346292,8946.18294665,210.116707242,0.738867257846,0.7354403118729336
8,6,6.24,4.68,-0.009570552147239267,-651.9999999999998,-64.8001068071,230.640346292,8946.18294665,210.116707242,0.735440311873,-114.841417213,-2502.06552029,8151.44290584,-39737.0020409,2.28038710462,0.7320133659003354
6,7,4.68,5.46,0.004785276073619634,977.9999999999995,-114.841417213,-2502.06552029,8151.44290584,-39737.0020409,0.7320133659,-43.3804822046,3573.04675041,9657.00442798,75278.0761072,2.3147212008,0.7251594739551335
8,8,6.24,6.24,0,,-43.3804822046,3573.04675041,9657.00442798,75278.0761072,0.725159473955,-38.7105057686,233.4988218,9661.14313793,206.935497723,0.725159473955,0.7183055820099316
8,8,6.24,6.24,0,,-38.7105057686,233.4988218,9661.14313793,206.935497723,0.71830558201,-34.0122729715,234.911639858,9665.24974342,205.330274094,0.71830558201,0.7114516900647352
7,8,5.46,6.24,0.004785276073619634,1140.9999999999995,-34.0122729715,234.911639858,9665.24974342,205.330274094,0.711451690065,118.874567482,7644.34202266,11359.2503051,84700.0280841,2.25012479105,0.7045977981195333
7,8,5.46,6.24,0.004785276073619634,1140.9999999999995,118.874567482,7644.34202266,11359.2503051,84700.0280841,0.70459779812,294.442640117,8778.40363178,13038.0442873,83939.6991121,2.22859265447,0.6977439061743314
8,7,6.24,5.46,-0.004785276073619634,-1303.9999999999995,294.442640117,8778.40363178,13038.0442873,83939.6991121,0.697743906174,75.2117510757,-10961.5444521,11404.7351434,-81665.4571962,2.17699374157,0.6874630682565313
7,7,5.46,5.46,0,,75.2117510757,-10961.5444521,11404.7351434,-81665.4571962,0.687463068257,79.4315578456,210.990338497,11408.1999422,173.239940721,0.687463068257,0.6874630682565313
7,8,5.46,6.24,0.004785276073619634,1140.9999999999995,79.4315578456,210.990338497,11408.1999422,173.239940721,0.687463068257,309.886534335,11522.7488245,13047.2908719,81954.5464832,2.17476231301,0.6874630682565313
8,7,6.24,5.46,-0.004785276073619634,-1303.9999999999995,309.886534335,11522.7488245,13047.2908719,81954.5464832,0.687463068257,59.014981238,-12543.5776549,11438.7631843,-80426.3843773,2.14469553669,0.6874630682565313
8,7,6.24,5.46,-0.004785276073619634,-1303.9999999999995,59.014981238,-12543.5776549,11438.7631843,-80426.3843773,0.687463068257,-191.856571859,-12543.5776549,9830.2354968,-80426.3843773,2.14469553669,0.6874630682565313
7,8,5.46,6.24,0.004785276073619634,1140.9999999999995,-191.856571859,-12543.5776549,9830.2354968,-80426.3843773,0.687463068257,38.5984046304,11522.7488245,11469.3264265,81954.5464832,2.17476231301,0.6908900142291294
7,6,5.46,4.68,-0.004785276073619634,-1140.9999999999995,38.5984046304,11522.7488245,11469.3264265,81954.5464832,0.690890014229,-169.77719236,-10418.7798495,10068.0322856,-70064.707042,2.15546160498,0.25224092973627127
8,8,6.24,6.24,0,,-169.77719236,-10418.7798495,10068.0322856,-70064.707042,0.252240929736,-163.734653576,302.126939232,10069.5896311,77.8672754785,0.252240929736,0.6908900142291294
6,7,4.68,5.46,0.004785276073619634,977.9999999999995,-163.734653576,302.126939232,10069.5896311,77.8672754785,0.690890014229,26.6624348238,9519.85441997,11497.179885,71379.5126925,2.1855283813,0.6943169602017332
8,7,6.24,5.46,-0.004785276073619634,-1303.9999999999995,26.6624348238,9519.85441997,11497.179885,71379.5126925,0.694316960202,-203.223762748,-11494.3098786,9872.04113266,-81256.9376162,2.16622767327,0.6943169602017332
8,8,6.24,6.24,0,,-203.223762748,-11494.3098786,9872.04113266,-81256.9376162,0.694316960202,-198.428379337,239.769170576,9876.0338633,199.63653183,0.694316960202,0.6943169602017332
6,7,4.68,5.46,0.004785276073619634,977.9999999999995,-198.428379337,239.769170576,9876.0338633,199.63653183,0.694316960202,-17.4542417264,9048.70688051,11310.5884836,71727.7310147,2.19629444959,0.25224092973627127
8,7,6.24,5.46,-0.004785276073619634,-1303.9999999999995,-17.4542417264,9048.70688051,11310.5884836,71727.7310147,0.252240929736,-569.850077782,-27619.7918028,10998.0938571,-15624.7313266,0.777404863636,0.6943169602017332
6,8,4.68,6.24,0.009570552147239267,488.9999999999998,-569.850077782,-27619.7918028,10998.0938571,-15624.7313266,0.694316960202,-477.476115656,4618.69810634,11777.4611016,38968.3622289,2.21132783775,0.6977439061743314
8,8,6.24,6.24,0,,-477.476115656,4618.69810634,11777.4611016,38968.3622289,0.697743906174,-472.694443248,239.083620388,11781.4702423,200.457033955,0.697743906174,0.6977439061743314
8,6,6.24,4.68,-0.009570552147239267,-651.9999999999998,-472.694443248,239.083620388,11781.4702423,200.457033955,0.697743906174,-579.835486427,-5357.05215896,11026.3441549,-37756.3043694,2.16196035341,0.6908900142291294
6,8,4.68,6.24,0.009570552147239267,488.9999999999998,-579.835486427,-5357.05215896,11026.3441549,-37756.3043694,0.690890014229,-482.31289038,4876.12980233,11802.0155775,38783.5711293,2.20056176946,0.24881398376366753
8,8,6.24,6.24,0,,-482.31289038,4876.12980233,11802.0155775,38783.5711293,0.248813983764,-476.265050149,302.392011574,11803.5522065,76.8314475729,0.248813983764,0.6840361222839275
8,6,6.24,4.68,-0.009570552147239267,-651.9999999999998,-476.265050149,302.392011574,11803.5522065,76.8314475729,0.684036122284,-602.682113422,-6320.85316366,11064.130131,-36971.1037735,2.11889608024,0.6840361222839275
6,8,4.68,6.24,0.009570552147239267,488.9999999999998,-602.682113422,-6320.85316366,11064.130131,-36971.1037735,0.684036122284,-495.010195268,5383.59590771,11832.2781481,38407.4008558,2.17902963287,0.6840361222839275
8,8,6.24,6.24,0,,-495.010195268,5383.59590771,11832.2781481,38407.4008558,0.684036122284,-490.174017386,241.808894082,11836.2213681,197.160997012,0.684036122284,0.6874630682565313
8,8,6.24,6.24,0,,-490.174017386,241.808894082,11836.2213681,197.160997012,0.687463068257,-485.351381078,241.131815425,11840.1811381,197.988503681,0.687463068257,0.6840361222839275
7,6,5.46,4.68,-0.004785276073619634,-1140.9999999999995,-485.351381078,241.131815425,11840.1811381,197.988503681,0.684036122284,-711.724576062,-11318.6597492,10453.4369084,-69337.2114871,2.1339294684,0.6840361222839275
7,8,5.46,6.24,0.004785276073619634,1140.9999999999995,-711.724576062,-11318.6597492,10453.4369084,-69337.2114871,0.684036122284,-470.611089495,12055.6743283,12084.3076771,81543.5384369,2.16399624472,0.6806091763113293
8,8,6.24,6.24,0,,-470.611089495,12055.6743283,12084.3076771,81543.5384369,0.680609176311,-465.761426836,242.483132949,12088.2343006,196.331174894,0.680609176311,0.6806091763113293
8,6,6.24,4.68,-0.009570552147239267,-651.9999999999998,-465.761426836,242.483132949,12088.2343006,196.331174894,0.680609176311,-596.867970874,-6555.32720193,11352.838821,-36769.7739812,2.10813001195,0.6806091763113293
6,8,4.68,6.24,0.009570552147239267,488.9999999999998,-596.867970874,-6555.32720193,11352.838821,-36769.7739812,0.680609176311,-484.196226132,5633.58723713,12117.1603851,38216.0782057,2.16826356458,0.6806091763113293
8,8,6.24,6.24,0,,-484.196226132,5633.58723713,12117.1603851,38216.0782057,0.680609176311,-479.346563473,242.483132949,12121.0870086,196.331174894,0.680609176311,0.6806091763113293
8,7,6.24,5.46,-0.004785276073619634,-1303.9999999999995,-479.346563473,242.483132949,12121.0870086,196.331174894,0.680609176311,-750.763947037,-13570.8691782,10529.5224745,-79578.2267068,2.12316340011,0.6806091763113293
6,11,4.68,8.58,0.02392638036809816,195.6,-750.763947037,-13570.8691782,10529.5224745,-79578.2267068,0.680609176311,-703.298576679,2373.26851793,10910.9346364,19070.6080945,2.21336372906,0.6806091763113293
8,8,6.24,6.24,0,,-703.298576679,2373.26851793,10910.9346364,19070.6080945,0.680609176311,-698.44891402,242.483132949,10914.8612599,196.331174894,0.680609176311,0.6806091763113293
8,8,6.24,6.24,0,,-698.44891402,242.483132949,10914.8612599,196.331174894,0.680609176311,-693.599251361,242.483132949,10918.7878834,196.331174894,0.680609176311,0.6806091763113293
7,8,5.46,6.24,0.004785276073619634,1140.9999999999995,-693.599251361,242.483132949,10918.7878834,196.331174894,0.680609176311,-441.935670636,12583.1790363,12541.3481534,81128.0135006,2.15323017642,0.6771822303387284
7,7,5.46,5.46,0,,-441.935670636,12583.1790363,12541.3481534,81128.0135006,0.677182230339,-437.680466464,212.760208593,12544.7693867,171.061666189,0.677182230339,0.2351061998732693
8,7,6.24,5.46,-0.004785276073619634,-1303.9999999999995,-437.680466464,212.760208593,12544.7693867,171.061666189,0.235106199873,-962.281542828,-26230.0538182,12272.096065,-13633.6660843,0.723574522177,0.6703283383935293
6,8,4.68,6.24,0.009570552147239267,488.9999999999998,-962.281542828,-26230.0538182,12272.096065,-13633.6660843,0.670328338394,-834.914694741,6368.34240433,13024.6861451,37629.5040067,2.13596535971,0.6669013924209256
8,7,6.24,5.46,-0.004785276073619634,-1303.9999999999995,-834.914694741,6368.34240433,13024.6861451,37629.5040067,0.666901392421,-1146.07810702,-15558.1706141,11468.0637621,-77831.1191506,2.08009912694,0.6669013924209256
8,7,6.24,5.46,-0.004785276073619634,-1303.9999999999995,-1146.07810702,-15558.1706141,11468.0637621,-77831.1191506,0.666901392421,-1457.24151931,-15558.1706141,9911.44137912,-77831.1191506,2.08009912694,0.6669013924209256
6,8,4.68,6.24,0.009570552147239267,488.9999999999998,-1457.24151931,-15558.1706141,9911.44137912,-77831.1191506,0.666901392421,-1325.07912501,6608.11971485,10660.0388582,37429.8739556,2.12519929141,0.6669013924209256
8,8,6.24,6.24,0,,-1325.07912501,6608.11971485,10660.0388582,37429.8739556,0.666901392421,-1320.17609436,245.151532645,10663.8986368,192.988927252,0.666901392421,0.6669013924209256
6,6,4.68,4.68,0,,-1320.17609436,245.151532645,10663.8986368,192.988927252,0.666901392421,-1316.49882137,183.863649484,10666.7934707,144.741695439,0.666901392421,0.6634744464483274
8,8,6.24,6.24,0,,-1316.49882137,183.863649484,10666.7934707,144.741695439,0.663474446448,-1311.58259228,245.811454454,10670.6364242,192.147674613,0.663474446448,0.6566205545031255
7,7,5.46,5.46,0,,-1311.58259228,245.811454454,10670.6364242,192.147674613,0.656620554503,-1307.25794625,216.23230122,10673.9694463,166.651108334,0.656620554503,0.6531936085305245
7,7,5.46,5.46,0,,-1307.25794625,216.23230122,10673.9694463,166.651108334,0.653193608531,-1302.92190356,216.802134736,10677.2876286,165.9091148,0.653193608531,0.6497666625579236
8,8,6.24,6.24,0,,-1302.92190356,216.802134736,10677.2876286,165.9091148,0.649766662558,-1297.95345962,248.422196731,10681.0628326,188.760197529,0.649766662558,0.6497666625579236
6,6,4.68,4.68,0,,-1297.95345962,248.422196731,10681.0628326,188.760197529,0.649766662558,-1294.22712667,186.316647549,10683.8942356,141.570148147,0.649766662558,0.6497666625579236
8,8,6.24,6.24,0,,-1294.22712667,186.316647549,10683.8942356,141.570148147,0.649766662558,-1289.25868274,248.422196731,10687.6694395,188.760197529,0.649766662558,0.6497666625579236
6,8,4.68,6.24,0.009570552147239267,488.9999999999998,-1289.25868274,248.422196731,10687.6694395,188.760197529,0.649766662558,-1133.9073939,7767.56444186,11415.7147109,36402.2635719,2.07136894996,0.6497666625579236
8,6,6.24,4.68,-0.009570552147239267,-651.9999999999998,-1133.9073939,7767.56444186,11415.7147109,36402.2635719,0.649766662558,-1304.80861337,-8545.0609733,10718.243282,-34873.5714459,2.01123539732,0.6497666625579236
8,8,6.24,6.24,0,,-1304.80861337,-8545.0609733,10718.243282,-34873.5714459,0.649766662558,-1299.84016943,248.422196731,10722.018486,188.760197529,0.649766662558,0.6497666625579236
7,8,5.46,6.24,0.004785276073619634,1140.9999999999995,-1299.84016943,248.422196731,10722.018486,188.760197529,0.649766662558,-958.245806789,17079.7181322,12265.926363,77195.393852,2.0563355618,0.6497666625579236
7,6,5.46,4.68,-0.004785276073619634,-1140.9999999999995,-958.245806789,17079.7181322,12265.926363,77195.393852,0.649766662558,-1268.73510752,-15524.4650364,10956.2660746,-65483.0144199,2.02626878548,0.6497666625579236
8,8,6.24,6.24,0,,-1268.73510752,-15524.4650364,10956.2660746,-65483.0144199,0.649766662558,-1263.76666358,248.422196731,10960.0412786,188.760197529,0.649766662558,0.6463397165853254
6,8,4.68,6.24,0.009570552147239267,488.9999999999998,-1263.76666358,248.422196731,10960.0412786,188.760197529,0.646339716585,-1103.93799846,7991.43325594,11683.8624752,36191.0598312,2.06060288166,0.6463397165853254
8,6,6.24,4.68,-0.009570552147239267,-651.9999999999998,-1103.93799846,7991.43325594,11683.8624752,36191.0598312,0.646339716585,-1278.98653932,-8752.4270428,10990.7807576,-34654.0858792,2.00046932903,0.6463397165853254
7,8,5.46,6.24,0.004785276073619634,1140.9999999999995,-1278.98653932,-8752.4270428,10990.7807576,-34654.0858792,0.646339716585,-927.972593,17550.697316,12525.5443345,76738.1788454,2.04556949351,0.6429127706127217
7,8,5.46,6.24,0.004785276073619634,1140.9999999999995,-927.972593,17550.697316,12525.5443345,76738.1788454,0.642912770613,-567.656440556,18015.8076222,14051.0873756,76277.1520524,2.03480342521,0.20426368611986348
8,8,6.24,6.24,0,,-567.656440556,18015.8076222,14051.0873756,76277.1520524,0.20426368612,-561.546166359,305.51370983,14052.3531359,63.2880170816,0.20426368612,0.6429127706127217
8,6,6.24,4.68,-0.009570552147239267,-651.9999999999998,-561.546166359,305.51370983,14052.3531359,63.2880170816,0.642912770613,-740.685949382,-8956.98915114,13363.6940241,-34432.9555909,1.98970326074,0.6394858246401235
6,8,4.68,6.24,0.009570552147239267,488.9999999999998,-740.685949382,-8956.98915114,13363.6940241,-34432.9555909,0.63948582464,-572.065826979,8431.00612014,14078.9583152,35763.2145559,2.03907074508,0.6360588786675225
8,8,6.24,6.24,0,,-572.065826979,8431.00612014,14078.9583152,35763.2145559,0.636058878668,-567.046101772,250.98626038,14082.6650603,185.337252329,0.636058878668,0.6326319326949216
8,6,6.24,4.68,-0.009570552147239267,-651.9999999999998,-567.046101772,250.98626038,14082.6650603,185.337252329,0.632631932695,-758.120056517,-9553.69773723,13407.4647667,-33760.0146787,1.95740505586,0.6360588786675225
6,8,4.68,6.24,0.009570552147239267,488.9999999999998,-758.120056517,-9553.69773723,13407.4647667,-33760.0146787,0.636058878668,-585.186546126,8646.67551952,14118.3974631,35546.6348209,2.02830467679,0.6360588786675225
8,8,6.24,6.24,0,,-585.186546126,8646.67551952,14118.3974631,35546.6348209,0.636058878668,-580.166820919,250.98626038,14122.1042081,185.337252329,0.636058878668,0.6394858246401235
8,6,6.24,4.68,-0.009570552147239267,-651.9999999999998,-580.166820919,250.98626038,14122.1042081,185.337252329,0.63948582464,-763.34145546,-9158.7317271,13437.8999615,-34210.21233,1.97893719245,0.6429127706127217
6,8,4.68,6.24,0.009570552147239267,488.9999999999998,-763.34145546,-9158.7317271,13437.8999615,-34210.21233,0.642912770613,-599.089729192,8212.58631345,14157.460626,35978.0332225,2.04983681337,0.6429127706127217
7,9,5.46,7.0200000000000005,0.009570552147239267,570.4999999999998,-599.089729192,8212.58631345,14157.460626,35978.0332225,0.642912770613,-411.373470598,9385.81292965,14979.8156711,41117.7522543,2.04983681337,0.6429127706127217
8,8,6.24,6.24,0,,-411.373470598,9385.81292965,14979.8156711,41117.7522543,0.642912770613,-406.379268724,249.710093703,14983.5567334,187.0531184,0.642912770613,0.6394858246401235
5,6,3.9000000000000004,4.68,0.004785276073619628,815.0000000000007,-406.379268724,249.710093703,14983.5567334,187.0531184,0.63948582464,-135.412417526,13548.3425599,16095.4716404,55595.7453485,2.02403735692,0.6360588786675225
8,8,6.24,6.24,0,,-135.412417526,13548.3425599,16095.4716404,55595.7453485,0.636058878668,-130.392692318,250.98626038,16099.1783855,185.337252329,0.636058878668,0.6360588786675225
8,8,6.24,6.24,0,,-130.392692318,250.98626038,16099.1783855,185.337252329,0.636058878668,-125.372967111,250.98626038,16102.8851305,185.337252329,0.636058878668,0.6360588786675225
6,5,4.68,3.9000000000000004,-0.004785276073619628,-978.0000000000007,-125.372967111,250.98626038,16102.8851305,185.337252329,0.636058878668,-414.161242917,-14439.4137903,15022.3696218,-54025.7754361,1.98320451231,0.6360588786675225
8,8,6.24,6.24,0,,-414.161242917,-14439.4137903,15022.3696218,-54025.7754361,0.636058878668,-409.141517709,250.98626038,15026.0763668,185.337252329,0.636058878668,0.6394858246401235
8,8,6.24,6.24,0,,-409.141517709,250.98626038,15026.0763668,185.337252329,0.63948582464,-404.134524768,250.349647088,15029.8002924,186.196278704,0.63948582464,0.6394858246401235
6,7,4.68,5.46,0.004785276073619634,977.9999999999995,-404.134524768,250.349647088,15029.8002924,186.196278704,0.63948582464,-83.9009733514,16011.6775708,16343.8815461,65704.0626846,2.02403735692,0.6429127706127217
8,7,6.24,5.46,-0.004785276073619634,-1303.9999999999995,-83.9009733514,16011.6775708,16343.8815461,65704.0626846,0.642912770613,-460.170417884,-18813.4722266,14851.4510531,-74621.5246482,2.0047366489,0.6429127706127217
8,8,6.24,6.24,0,,-460.170417884,-18813.4722266,14851.4510531,-74621.5246482,0.642912770613,-455.17621601,249.710093703,14855.1921155,187.0531184,0.642912770613,0.6394858246401235
7,8,5.46,6.24,0.004785276073619634,1140.9999999999995,-455.17621601,249.710093703,14855.1921155,187.0531184,0.63948582464,-85.6759643761,18475.0125817,16371.4397159,75812.3800206,2.02403735692,0.6360588786675225
7,6,5.46,4.68,-0.004785276073619634,-1140.9999999999995,-85.6759643761,18475.0125817,16371.4397159,75812.3800206,0.636058878668,-426.97119942,-17064.7617522,15094.466842,-63848.6436972,1.98320451231,0.6326319326949216
8,7,6.24,5.46,-0.004785276073619634,-1303.9999999999995,-426.97119942,-17064.7617522,15094.466842,-63848.6436972,0.632631932695,-829.358165986,-20119.3483283,13630.6399277,-73191.3457125,1.97243844402,0.6292049867223234
6,7,4.68,5.46,0.004785276073619634,977.9999999999995,-829.358165986,-20119.3483283,13630.6399277,-73191.3457125,0.629204986722,-485.866243975,17174.5961005,14920.1751623,64476.7617289,1.99173915205,0.6292049867223234
8,7,6.24,5.46,-0.004785276073619634,-1303.9999999999995,-485.866243975,17174.5961005,14920.1751623,64476.7617289,0.629204986722,-896.716051391,-20542.4903708,13466.0185449,-72707.8308686,1.96167237573,0.6292049867223234
8,7,6.24,5.46,-0.004785276073619634,-1303.9999999999995,-896.716051391,-20542.4903708,13466.0185449,-72707.8308686,0.629204986722,-1307.56585881,-20542.4903708,12011.8619276,-72707.8308686,1.96167237573,0.6292049867223234
6,8,4.68,6.24,0.009570552147239267,488.9999999999998,-1307.56585881,-20542.4903708,12011.8619276,-72707.8308686,0.629204986722,-1126.1719354,9069.69617023,12714.0282672,35108.3169814,2.00677254021,0.6292049867223234
8,8,6.24,6.24,0,,-1126.1719354,9069.69617023,12714.0282672,35108.3169814,0.629204986722,-1121.12692267,252.250636814,12717.7005208,183.612679919,0.629204986722,0.6257780407497197
8,6,6.24,4.68,-0.009570552147239267,-651.9999999999998,-1121.12692267,252.250636814,12717.7005208,183.612679919,0.62577804075,-1319.87107242,-9937.20748766,12051.6255202,-33303.7500307,1.93587291928,0.6257780407497197
6,8,4.68,6.24,0.009570552147239267,488.9999999999998,-1319.87107242,-9937.20748766,12051.6255202,-33303.7500307,0.62577804075,-1134.33077614,9277.014814,12749.3583546,34886.641722,1.99600647191,0.6223510947771215
8,8,6.24,6.24,0,,-1134.33077614,9277.014814,12749.3583546,34886.641722,0.622351094777,-1129.26071287,253.50316361,12752.9959443,181.879482185,0.622351094777,0.6223510947771215
8,8,6.24,6.24,0,,-1129.26071287,253.50316361,12752.9959443,181.879482185,0.622351094777,-1124.19064959,253.50316361,12756.6335339,181.879482185,0.622351094777,0.6257780407497197
6,8,4.68,6.24,0.009570552147239267,488.9999999999998,-1124.19064959,253.50316361,12756.6335339,181.879482185,0.62577804075,-938.650353314,9277.014814,13454.3663683,34886.641722,1.99600647191,0.6292049867223234
8,6,6.24,4.68,-0.009570552147239267,-651.9999999999998,-938.650353314,9277.014814,13454.3663683,34886.641722,0.629204986722,-1133.5881888,-9746.89177423,12783.713877,-33532.6245665,1.94663898757,0.6326319326949216
7,8,5.46,6.24,0.004785276073619634,1140.9999999999995,-1133.5881888,-9746.89177423,12783.713877,-33532.6245665,0.632631932695,-746.076904085,19375.5642357,14281.1512429,74871.8682939,2.00250522034,0.6326319326949216
7,8,5.46,6.24,0.004785276073619634,1140.9999999999995,-746.076904085,19375.5642357,14281.1512429,74871.8682939,0.632631932695,-358.565619372,19375.5642357,15778.5886088,74871.8682939,2.00250522034,0.6326319326949216
8,6,6.24,4.68,-0.009570552147239267,-651.9999999999998,-358.565619372,19375.5642357,15778.5886088,74871.8682939,0.632631932695,-549.639574116,-9553.69773723,15103.3883152,-33760.0146787,1.95740505586,0.6326319326949216
6,8,4.68,6.24,0.009570552147239267,488.9999999999998,-549.639574116,-9553.69773723,15103.3883152,-33760.0146787,0.632631932695,-372.448020223,8859.5776947,15809.9548189,35328.3251834,2.0175386085,0.6292049867223234
8,11,6.24,8.58,0.014355828220858895,434.6666666666667,-372.448020223,8859.5776947,15809.9548189,35328.3251834,0.629204986722,-211.659356309,8039.43319566,16452.2571524,32115.1166765,2.02180592836,0.6257780407497197
7,6,5.46,4.68,-0.004785276073619634,-1140.9999999999995,-211.659356309,8039.43319566,16452.2571524,32115.1166765,0.62577804075,-574.957432837,-18164.9038264,15200.4258558,-62591.5648283,1.95090630744,0.6223510947771215
7,8,5.46,6.24,0.004785276073619634,1140.9999999999995,-574.957432837,-18164.9038264,15200.4258558,-62591.5648283,0.622351094777,-161.332792096,20681.232037,16669.1197797,73434.6961945,1.97020701546,0.6189241488045205
8,8,6.24,6.24,0,,-161.332792096,20681.232037,16669.1197797,73434.6961945,0.618924148805,-156.250292797,254.124964985,16672.7399732,181.009674248,0.618924148805,0.6189241488045205
6,7,4.68,5.46,0.004785276073619634,977.9999999999995,-156.250292797,254.124964985,16672.7399732,181.009674248,0.618924148805,209.557230343,18290.376157,17937.1870641,63222.354545,1.95944094717,0.6223510947771215
8,7,6.24,5.46,-0.004785276073619634,-1303.9999999999995,209.557230343,18290.376157,17937.1870641,63222.354545,0.622351094777,-217.849965437,-21370.359789,16502.5664369,-71731.0313612,1.94014023915,0.6223510947771215
8,8,6.24,6.24,0,,-217.849965437,-21370.359789,16502.5664369,-71731.0313612,0.622351094777,-212.779902164,253.50316361,16506.2040265,181.879482185,0.622351094777,0.18027506431165957
6,8,4.68,6.24,0.009570552147239267,488.9999999999998,-212.779902164,253.50316361,16506.2040265,181.879482185,0.180275064312,5.36901874095,10907.4460453,16595.4537983,4462.48858933,0.596417593984,0.6154972028319196
8,6,6.24,4.68,-0.009570552147239267,-651.9999999999998,5.36901874095,10907.4460453,16595.4537983,4462.48858933,0.615497202832,-204.445947322,-10490.7483031,15943.2828854,-32608.5456425,1.90357471441,0.6120702568593186
8,8,6.24,6.24,0,,-204.445947322,-10490.7483031,15943.2828854,-32608.5456425,0.612070256859,-199.338755178,255.359607177,15946.8681593,179.263691311,0.612070256859,0.6086433108867176
6,8,4.68,6.24,0.009570552147239267,488.9999999999998,-199.338755178,255.359607177,15946.8681593,179.263691311,0.608643310887,6.08264844344,10271.0701811,16621.9556322,33754.3736462,1.94217613045,0.6086433108867176
8,6,6.24,4.68,-0.009570552147239267,-651.9999999999998,6.08264844344,10271.0701811,16621.9556322,33754.3736462,0.608643310887,-210.820153728,-10845.1401086,15979.1905614,-32138.2535421,1.88204257782,0.6086433108867176
8,8,6.24,6.24,0,,-210.820153728,-10845.1401086,15979.1905614,-32138.2535421,0.608643310887,-205.700705058,255.972433495,15982.7583121,178.387536815,0.608643310887,0.6120702568593186
6,6,4.68,4.68,0,,-205.700705058,255.972433495,15982.7583121,178.387536815,0.612070256859,-201.87031095,191.519705383,15985.4472675,134.447768483,0.612070256859,0.6154972028319196
8,8,6.24,6.24,0,,-201.87031095,191.519705383,15985.4472675,134.447768483,0.615497202832,-196.775435312,254.74378193,15989.0500223,180.137740544,0.615497202832,0.6189241488045205
6,7,4.68,5.46,0.004785276073619634,977.9999999999995,-196.775435312,254.74378193,15989.0500223,180.137740544,0.618924148805,169.032087828,18290.376157,17253.4971132,63222.354545,1.95944094717,0.6189241488045205
7,6,5.46,4.68,-0.004785276073619634,-1140.9999999999995,169.032087828,18290.376157,17253.4971132,63222.354545,0.618924148805,-208.401706192,-18871.689701,16018.7070983,-61739.5007457,1.92937417086,0.6154972028319196
8,8,6.24,6.24,0,,-208.401706192,-18871.689701,16018.7070983,-61739.5007457,0.615497202832,-203.306830554,254.74378193,16022.3098531,180.137740544,0.615497202832,0.6189241488045205
6,7,4.68,5.46,0.004785276073619634,977.9999999999995,-203.306830554,254.74378193,16022.3098531,180.137740544,0.618924148805,162.500692586,18290.376157,17286.756944,63222.354545,1.95944094717,0.6154972028319196
8,5,6.24,3.9000000000000004,-0.014355828220858895,-434.6666666666667,162.500692586,18290.376157,17286.756944,63222.354545,0.615497202832,30.918633317,-6579.10296346,16888.062956,-19934.6993991,1.88854132625,0.6120702568593186
6,8,4.68,6.24,0.009570552147239267,488.9999999999998,30.918633317,-6579.10296346,16888.062956,-19934.6993991,0.612070256859,232.478244148,10077.9805415,17567.7410749,33983.9059449,1.95294219875,0.6120702568593186
8,8,6.24,6.24,0,,232.478244148,10077.9805415,17567.7410749,33983.9059449,0.612070256859,237.585436291,255.359607177,17571.3263487,179.263691311,0.612070256859,0.6120702568593186
7,7,5.46,5.46,0,,237.585436291,255.359607177,17571.3263487,179.263691311,0.612070256859,242.054229417,223.43965628,17574.4634633,156.855729897,0.612070256859,0.6086433108867176
7,7,5.46,5.46,0,,242.054229417,223.43965628,17574.4634633,156.855729897,0.608643310887,246.533747003,223.975879308,17577.5852452,156.089094713,0.608643310887,0.6086433108867176
8,8,6.24,6.24,0,,246.533747003,223.975879308,17577.5852452,156.089094713,0.608643310887,251.653195673,255.972433495,17581.1529959,178.387536815,0.608643310887,0.6052163649141196
7,8,5.46,6.24,0.004785276073619634,1140.9999999999995,251.653195673,255.972433495,17581.1529959,178.387536815,0.605216364914,706.348622074,22734.77132,19000.624383,70973.5693527,1.916376674,0.6017894189415186
7,6,5.46,4.68,-0.004785276073619634,-1140.9999999999995,706.348622074,22734.77132,19000.624383,70973.5693527,0.601789418942,295.469960275,-20543.93309,17809.3477632,-59563.8309912,1.8755438294,0.5983624729689176
8,8,6.24,6.24,0,,295.469960275,-20543.93309,17809.3477632,-59563.8309912,0.598362472969,300.625817216,257.792847076,17812.8626941,175.746544764,0.598362472969,0.5949355269963167
6,7,4.68,5.46,0.004785276073619634,977.9999999999995,300.625817216,257.792847076,17812.8626941,175.746544764,0.594935526996,714.754527695,20706.4355239,19016.8438663,60199.0586099,1.88407846913,0.5915085810237157
8,7,6.24,5.46,-0.004785276073619634,-1303.9999999999995,714.754527695,20706.4355239,19016.8438663,60199.0586099,0.591508581024,219.029835429,-24786.2346133,17673.0821177,-67188.0874258,1.84324562452,0.5949355269963167
6,8,4.68,6.24,0.009570552147239267,488.9999999999998,219.029835429,-24786.2346133,17673.0821177,-67188.0874258,0.594935526996,439.317845676,11014.4005124,18329.5186007,32821.8241458,1.89911185729,0.5949355269963167
8,7,6.24,5.46,-0.004785276073619634,-1303.9999999999995,439.317845676,11014.4005124,18329.5186007,32821.8241458,0.594935526996,-49.3233838245,-24432.061475,16975.4421549,-67703.8222874,1.85401169281,0.5949355269963167
8,7,6.24,5.46,-0.004785276073619634,-1303.9999999999995,-49.3233838245,-24432.061475,16975.4421549,-67703.8222874,0.594935526996,-537.964613325,-24432.061475,15621.3657092,-67703.8222874,1.85401169281,0.5949355269963167
6,10,4.68,7.800000000000001,0.019141104294478534,244.4999999999999,-537.964613325,-24432.061475,15621.3657092,-67703.8222874,0.594935526996,-415.385317349,6128.96479881,16005.7015881,19216.7939462,1.9291786336,0.15285949653085473
9,8,7.0200000000000005,6.24,-0.004785276073619634,-1466.9999999999995,-415.385317349,6128.96479881,16005.7015881,19216.7939462,0.152859496531,-825.945982601,-20528.0332626,15874.6293143,-6553.6136881,0.465188883174,0.5915085810237157
6,7,4.68,5.46,0.004785276073619634,977.9999999999995,-825.945982601,-20528.0332626,15874.6293143,-6553.6136881,0.591508581024,-405.349926959,21029.8027821,17069.7700899,59757.038781,1.87331240084,0.5880816350511148
8,11,6.24,8.58,0.014355828220858895,434.6666666666667,-405.349926959,21029.8027821,17069.7700899,59757.038781,0.588081635051,-202.033735023,10165.8095968,17662.4827492,29635.6329639,1.89261310886,0.5812277431059156
6,7,4.68,5.46,0.004785276073619634,977.9999999999995,-202.033735023,10165.8095968,17662.4827492,29635.6329639,0.581227743106,237.300946593,21966.7340808,18830.8258129,58417.1531838,1.84101419596,0.5812277431059156
8,3,6.24,2.34,-0.02392638036809816,-260.8,237.300946593,21966.7340808,18830.8258129,58417.1531838,0.581227743106,159.343087461,-3897.89295663,18648.865715,-9098.00489494,1.75081386701,0.5778007971333147
8,8,6.24,6.24,0,,159.343087461,-3897.89295663,18648.865715,-9098.00489494,0.577800797133,164.570122315,261.351742699,18652.2738973,170.409115332,0.577800797133,0.5778007971333147
6,8,4.68,6.24,0.009570552147239267,488.9999999999998,164.570122315,261.351742699,18652.2738973,170.409115332,0.577800797133,402.115941192,11877.2909439,19284.7971032,31626.160296,1.84528151583,0.5778007971333147
8,7,6.24,5.46,-0.004785276073619634,-1303.9999999999995,402.115941192,11877.2909439,19284.7971032,31626.160296,0.577800797133,-120.653603567,-26138.477238,17982.7801512,-65100.8476008,1.80018135135,0.5778007971333147
8,9,6.24,7.0200000000000005,0.004785276073619634,1303.9999999999995,-120.653603567,-26138.477238,17982.7801512,-65100.8476008,0.577800797133,461.738137955,29119.5870761,19498.8172244,75801.8536581,1.83024812767,0.5778007971333147
6,10,4.68,7.800000000000001,0.019141104294478534,244.4999999999999,461.738137955,29119.5870761,19498.8172244,75801.8536581,0.577800797133,594.680395692,6647.11288682,19869.6525359,18541.7655785,1.87534829215,0.5743738511607137
8,7,6.24,5.46,-0.004785276073619634,-1303.9999999999995,594.680395692,6647.11288682,19869.6525359,18541.7655785,0.574373851161,65.4739863365,-26460.3204678,18578.1860325,-64573.3251727,1.78941528306,0.5709469051881128
6,7,4.68,5.46,0.004785276073619634,977.9999999999995,65.4739863365,-26460.3204678,18578.1860325,-64573.3251727,0.570946905188,522.543734451,22853.4874057,19719.3427802,57057.8373832,1.80871599109,0.12887087472265082
8,8,6.24,6.24,0,,522.543734451,22853.4874057,19719.3427802,57057.8373832,0.128870874723,528.731990092,309.412782054,19720.1447104,40.0965123383,0.128870874723,0.5675199592155118
7,7,5.46,5.46,0,,528.731990092,309.412782054,19720.1447104,40.0965123383,0.567519959216,533.336062442,230.203617512,19723.0796921,146.749086827,0.567519959216,0.12887087472265082
7,7,5.46,5.46,0,,533.336062442,230.203617512,19723.0796921,146.749086827,0.128870874723,538.750786128,270.736184297,19723.7813811,35.084448296,0.128870874723,0.12887087472265082
8,8,6.24,6.24,0,,538.750786128,270.736184297,19723.7813811,35.084448296,0.128870874723,544.939041769,309.412782054,19724.5833114,40.0965123383,0.128870874723,0.12544392875005267
8,8,6.24,6.24,0,,544.939041769,309.412782054,19724.5833114,40.0965123383,0.12544392875,551.130009239,309.548373503,19725.3640301,39.0359380806,0.12544392875,0.12887087472265082
6,9,4.68,7.0200000000000005,0.0143558282208589,325.9999999999999,551.130009239,309.548373503,19725.3640301,39.0359380806,0.128870874723,675.994127943,6243.20593522,19762.5455999,1859.07849187,0.449959957765,0.12544392875005267
8,6,6.24,4.68,-0.009570552147239267,-651.9999999999998,675.994127943,6243.20593522,19762.5455999,1859.07849187,0.12544392875,544.251421649,-6587.13531472,19729.643967,-1645.08164554,0.364026948682,0.11859003680485075
8,8,6.24,6.24,0,,544.251421649,-6587.13531472,19729.643967,-1645.08164554,0.118590036805,550.447594627,309.808648891,19730.3822356,36.9134267183,0.118590036805,0.5572391212977117
6,7,4.68,5.46,0.004785276073619634,977.9999999999995,550.447594627,309.808648891,19730.3822356,36.9134267183,0.557239121298,1029.58599142,23956.9198397,20834.7447346,55218.1249528,1.76565171792,0.11859003680485075
8,7,6.24,5.46,-0.004785276073619634,-1303.9999999999995,1029.58599142,23956.9198397,20834.7447346,55218.1249528,0.118590036805,746.39686788,-14159.456177,20766.0259024,-3435.94160938,0.357528200257,0.5572391212977117
8,8,6.24,6.24,0,,746.39686788,-14159.456177,20766.0259024,-3435.94160938,0.557239121298,751.692870825,264.800147269,20769.3258953,164.999642444,0.557239121298,0.5572391212977117
6,8,4.68,6.24,0.009570552147239267,488.9999999999998,751.692870825,264.800147269,20769.3258953,164.999642444,0.557239121298,1007.96665433,12813.6891754,21372.384069,30152.9086853,1.78068510608,0.5606660672703127
8,7,6.24,5.46,-0.004785276073619634,-1303.9999999999995,1007.96665433,12813.6891754,21372.384069,30152.9086853,0.56066606727,454.321583392,-27682.253547,20123.5325444,-62442.5762278,1.7463510099,0.5640930132429108
8,7,6.24,5.46,-0.004785276073619634,-1303.9999999999995,454.321583392,-27682.253547,20123.5325444,-62442.5762278,0.564093013243,-93.4108380613,-27386.6210727,18863.968233,-62978.2155715,1.75711707819,0.5606660672703127
6,8,4.68,6.24,0.009570552147239267,488.9999999999998,-93.4108380613,-27386.6210727,18863.968233,-62978.2155715,0.56066606727,159.893400585,12665.2119323,19471.9898798,30401.0823378,1.79145117437,0.5572391212977117
8,8,6.24,6.24,0,,159.893400585,12665.2119323,19471.9898798,30401.0823378,0.557239121298,165.18940353,264.800147269,19475.2898726,164.999642444,0.557239121298,0.5538121753251107
8,8,6.24,6.24,0,,165.18940353,264.800147269,19475.2898726,164.999642444,0.553812175325,170.496684253,265.364036123,19478.571697,164.091219548,0.553812175325,0.5538121753251107
